id,property,jurisdiction,assessed_value,taxes_owed,taxes_abated,pct_original,percent_abated,group,jur_buckets55,10 Side apartments /mixed-use,Atlanta,56822400,787336,196834,0.2,20,low,Atlanta115,172 Courtland St,Atlanta,100000,1746,194,0.1,10,low,Atlanta8,201 Peachtree St offices,Atlanta,1600000,27828,3092,0.1,10,low,Atlanta43,3344 Tower,Atlanta,135680000,2135863,376917,0.15,15,low,Atlanta37,3630 Peachtree offices,Atlanta,111927000,1554663,518221,0.25,25,low,Atlanta94,3630 Peachtree offices,Atlanta,2880200,40005,13335,0.25,25,low,Atlanta68,55 Allen Plaza,Atlanta,57000000,991107,110123,0.1,10,low,Atlanta120,77 12th Apartments ,Atlanta,116166200,1207200,804800,0.4,40,medium,Atlanta106,7800 3rd Flag Jadow/Six Flags,Six Flags Special Services District,14600000,188340,30960,0.14,14,low,Unincorporated Cobb County62,98 14th St. Tower,Atlanta,171139600,3141099,165321,0.05,5,low,Atlanta82,Acuity Lighting,Stonecrest,5600000,34639,64329,0.65,65,medium,Stonecrest10,Adam's Garden of Eatin,Unincorporated DeKalb,410486,4420,2834,0.39,39,medium,Unincorporated DeKalb County93,ADP,Alpharetta,19446000,280288,14752,0.05,5,low,Alpharetta34,Alcon Laboratories,Johns Creek,198532937,1476624,1187132,0.45,45,medium,Johns Creek100,ALDI,Unincorporated DeKalb,1500000,16155,10355,0.39,39,medium,Unincorporated DeKalb County98,Alsco uniform rental,Doraville,9946903,166896,11466,0.06,6,low,Other105,American Building Supply Inc,Union City,6723551,84613,36075,0.3,30,low,Union City47,Americas Mart Building,Atlanta,73269618,1128168,276862,0.2,20,low,Atlanta51,Apartments ,Atlanta,54356900,706098,235366,0.25,25,low,Atlanta56,Atlanta Market Place warehouse,Union City,40716800,548151,182717,0.25,25,low,Union City118,Atlanticus Services Corp.,Sandy Springs,745799,7767,2351,0.23,23,low,Sandy Springs45,Atlas at LaVista Hills Apts,Unincorporated DeKalb,59055000,704484,339195,0.32,32,low,Unincorporated DeKalb County29,Avalon,Alpharetta,338344500,2566884,2566884,0.5,50,medium,Alpharetta31,Bank of America Plaza,Atlanta,226915000,2630399,1753599,0.4,40,medium,Atlanta12,BT OH LLC / Self storage,Doraville,1549538,26000,1786,0.06,6,low,Other1,Campanile Plaza,Atlanta,3952700,45819,30546,0.4,40,medium,Atlanta80,Clairion Partners,Fairburn,11621300,126130,67916,0.35,35,medium,Other57,Clorox Services Co.,Fairburn,36411225,425577,182390,0.3,30,low,Other36,Coca Cola Co.,Atlanta,148784059,1720515,894435,0.34,34,medium,Atlanta53,Comcast,Alpharetta,22463918,114765,202760,0.64,64,medium,Alpharetta11,Commercial,Tucker,2921400,24783,26847,0.52,52,medium,Tucker16,Commercial/eye doctor on Scott Blvd,Unincorporated DeKalb,3530779,38028,24372,0.39,39,medium,Unincorporated DeKalb County77,Concourse Office Park--King and Queen,Sandy Springs,52026400,710100,78900,0.1,10,low,Sandy Springs85,Concourse Office Park--King and Queen,Sandy Springs,36559400,499014,55446,0.1,10,low,Sandy Springs32,Cox,Sandy Springs,282684703,2697686,1402172,0.34,34,medium,Sandy Springs67,Del Monte Foods,Union City,41624700,635092,112075,0.15,15,low,Union City52,Dendreon Pharmaceuticals,Union City,46634057,634142,215188,0.25,25,low,Union City87,E-Trade,Alpharetta,31356776,566978,48242,0.08,8,low,Alpharetta78,Electrolux,Fairburn,14000000,163632,70128,0.3,30,low,Other46,Epic Lindmont Apartments ,Atlanta,64666200,840018,280006,0.25,25,low,Atlanta75,Equifax Information Services,Atlanta,17479665,160121,90880,0.36,36,medium,Atlanta114,FedEx,Town Center CID,35166915,474753,162954,0.26,26,low,Unincorporated Cobb County23,Fiserv,Johns Creek,74663137,439995,580679,0.57,57,medium,Johns Creek91,Flats at Perimeter Place,Dunwoody,3001400,30585,15756,0.34,34,medium,Other89,Grand Hyatt in Buckhead,Atlanta,15075700,237320,41880,0.15,15,low,Atlanta13,Hampton Inn Atlanta Airport West,East Point,8813900,147384,26009,0.15,15,low,East Point2,Harris Tower,Atlanta,15800000,274725,30525,0.1,10,low,Atlanta49,Hilton Garden Inn Atlanta Midtown,Atlanta,40467775,508194,273643,0.35,35,medium,Atlanta61,Home Depot USA,Cumberland CID,16484023,221124,167186,0.43,43,medium,Unincorporated Cobb County71,Homewood Suites Atlanta Airport North ATL Hotel,East Point,11100237,218380,98271,0.45,45,medium,East Point66,HP,Alpharetta,51008374,634589,127389,0.17,17,low,Alpharetta4,Hsu's Gourmet Chinese Restaurant,Atlanta,4150000,72171,8019,0.1,10,low,Atlanta103,International Tower,Atlanta,19310000,335763,37307,0.1,10,low,Atlanta59,Invesco,Atlanta,49588909,768085,175801,0.19,19,low,Atlanta19,Keystone Automotive Group,Six Flags Special Services District,27850920,347883,17661,0.05,5,low,Unincorporated Cobb County9,Life Time Athletic,Sandy Springs,14569500,168000,29647,0.15,15,low,Sandy Springs110,Lindbergh Apartments ,Atlanta,40339000,524001,174667,0.25,25,low,Atlanta48,Lindbergh-Morosgo Apartments ,Atlanta,63265600,821820,273940,0.25,25,low,Atlanta6,Chick-Fil-A Headquarters,College Park,5118575,53775,5975,0.1,10,low,Other7,Macy's Systems Technology,Johns Creek,908154,8982,3203,0.26,26,low,Johns Creek3,Mansion on Peachtree,Atlanta,3157774,46127,8566,0.16,16,low,Atlanta83,Marquis One office tower,Atlanta,33060000,574848,63872,0.1,10,low,Atlanta84,Marquis Two office tower,Atlanta,30030000,522171,58019,0.1,10,low,Atlanta14,Marriott Courtyard Atlanta Airport West,East Point,8796900,147107,25960,0.15,15,low,East Point101,Marten Transportation Ltd,Tucker,6896329,82268,39611,0.33,33,low,Tucker86,Maschiopack North America,Atlanta,6387931,55319,55320,0.5,50,medium,Atlanta5,Mathes Family Riverside,Six Flags Special Services District,2476640,31949,7987,0.2,20,low,Unincorporated Cobb County58,Menlo Worldwide Logistics,Union City,22359300,220742,180607,0.45,45,medium,Union City50,Midtown offices,Atlanta,32081300,371886,247924,0.4,40,medium,Atlanta102,Naturally Fresh,College Park,3800000,54009,9531,0.15,15,low,Other60,Newell Rubbermaid,Sandy Springs,76039120,976044,173038,0.15,15,low,Sandy Springs18,North Tower,Atlanta,12300200,213867,23763,0.1,10,low,Atlanta65,Novelis Global Technology,Unincorporated Cobb,57908,666,133711,1,100,high,Unincorporated Cobb County79,One Georgia Center,Atlanta,35708800,620919,68991,0.1,10,low,Atlanta54,One Ninety One Peachtree Tower,Atlanta,200121400,3664619,201701,0.05,5,low,Atlanta111,One Peachtree Pointe,Atlanta,1600000,26271,4636,0.15,15,low,Atlanta26,One12 Courtland Apartments ,Atlanta,61517000,653679,534828,0.45,45,medium,Atlanta99,Orthopedics Atlanta,Johns Creek,9900000,92983,39850,0.3,30,low,Johns Creek90,Osmotica,Marietta,5488466,66909,17519,0.21,21,low,Other88,Owens Brockway Glass Container Inc,East Point,13770497,196157,47212,0.19,19,low,East Point108,Owens Corning Roofing & Asphalt,South Fulton,19192099,219693,93231,0.3,30,low,Other95,Panola Crossings,Stonecrest,4254200,61879,13306,0.18,18,low,Stonecrest92,Peachtree Center,Atlanta,7900000,137367,15263,0.1,10,low,Atlanta109,Peachtree Center Garage,Atlanta,16270000,282897,31433,0.1,10,low,Atlanta97,Pepsi Bottling Group,Tucker,17500000,269072,40206,0.13,13,low,Tucker113,Perimeter Summit offices,Brookhaven,35297700,358959,190177,0.35,35,medium,Brookhaven21,Phipps Tower,Atlanta,135494500,1882017,627339,0.25,25,low,Atlanta15,Point on Scott,Unincorporated DeKalb,2271000,13406,24896,0.65,65,medium,Unincorporated DeKalb County27,Post Alexander Apartments ,Atlanta,61260900,530518,530518,0.5,50,medium,Atlanta42,Prelude at Clairmont apartments,Brookhaven,65184300,604179,388477,0.39,39,medium,Brookhaven40,Primerica,Unincorporated Gwinnett,55728300,312310,468466,0.6,60,medium,Other76,Printpack,County Cumberland Special District 2,26075778,371644,90488,0.2,20,low,Unincorporated Cobb County35,PWC Price Watershouse Cooper,Atlanta,242484000,3513603,1171201,0.25,25,low,Atlanta116,QTS / Quality Investment/Seyfarth,Atlanta,32163700,529226,27854,0.05,5,low,Atlanta64,Quintiles Laboratories,County Cumberland Special District 2,32890091,410468,147345,0.26,26,low,Unincorporated Cobb County63,Renaissance Atlanta Midtown Hotel,Atlanta,41952000,648412,162103,0.2,20,low,Atlanta70,Rock Tenn,Norcross,11006000,68302,102527,0.6,60,medium,Other117,SkyHouse Buckhead Apartments ,Atlanta,93350900,864430,864430,0.5,50,medium,Atlanta25,SkyHouse Midtown apartments/cpndos,Atlanta,79232100,823380,548920,0.4,40,medium,Atlanta107,SkyHouse South apartments ,Atlanta,60000000,571560,467640,0.45,45,medium,Atlanta17,South Tower,Atlanta,12460300,216657,24073,0.1,10,low,Atlanta69,St. Regis Atlanta hotel in Buckhead,Atlanta,30258000,419256,104814,0.2,20,low,Atlanta39,State Farm,Dunwoody,80798470,726258,500990,0.41,41,medium,Other38,Stonecrest Mall,Stonecrest,116958066,1550263,516739,0.25,25,low,Stonecrest104,Suniva,Norcross,14144950,183085,36531,0.17,17,low,Other41,SunTrust HQ,Atlanta,117520000,1741176,435294,0.2,20,low,Atlanta112,SVC Manufacturing Inc,South Fulton,22202404,271277,90728,0.25,25,low,Other73,T5 Data Centers,Alpharetta,17516300,146856,97904,0.4,40,medium,Alpharetta44,Terminus office tower,Atlanta,127801800,2011859,355034,0.15,15,low,Atlanta20,The Elle of Buckhead Apartments ,Atlanta,106133800,1102943,735295,0.4,40,medium,Atlanta96,The Mall at Peachtree Center,Atlanta,6300600,109557,12173,0.1,10,low,Atlanta74,"The Prado Sandy Springs shopping center-Taco Mac, Marlow's, 5 Seasons Brewing",Sandy Springs,47300000,545405,96248,0.15,15,low,Sandy Springs30,Town Brookhaven,Brookhaven,168022076,716934,1782931,0.71,71,high,Brookhaven33,Turner Broadcasting System,Atlanta,215421486,2561770,1228712,0.32,32,low,Atlanta22,Two Alliance Center,Atlanta,133368000,1852479,617493,0.25,25,low,Atlanta81,Vacant lot at Pavilion at Lake Hearn,Brookhaven,5305000,11594,65697,0.85,85,high,Brookhaven119,Various DeKalb locations,Unincorporated DeKalb,27076737,753808,442713,0.17,17,low,Unincorporated DeKalb County24,Walmart.com,Union City,62829730,563897,563897,0.5,50,medium,Union City